{"cameraMode":{"drawMode":0,"name":"Shaded","section":"Shading Mode"},"sceneLighting":false,"audioPlay":false,"sceneViewState":{"m_AlwaysRefresh":false,"showFog":true,"showSkybox":false,"showFlares":true,"showImageEffects":true,"showParticleSystems":true,"showVisualEffectGraphs":true,"m_FxEnabled":true},"in2DMode":false,"pivot":{"x":1.3054640293121338,"y":0.039030563086271289,"z":-0.26706063747406008},"rotation":{"x":0.001073516788892448,"y":0.6996458768844605,"z":-0.0010472509311512113,"w":0.7144953608512878},"size":0.9275711178779602,"orthographic":true}